f1,f2,f3,label
0.22425665368936998,0.9996342634285915,0.85249255563812,1
0.17437730533188778,1.4622753354618832,1.9128114923245856,1
0.4434188423455989,1.0802745182069193,-0.5207834841174233,1
0.12603626568948445,0.7484879907686444,-0.09346572638007278,1
0.2626757271119652,0.9619485894056898,0.08245431953528892,1
1.7100465877823594,-1.1153804082320828,-1.7799510133230834,0
-0.023858816447086095,-0.5391073675641413,-0.3320636746909946,0
-0.3175781835354955,-1.773053329374961,-0.12941440269611226,0
0.8049655893430293,-0.7551840425308689,-1.184062088410983,0
1.849312957371795,1.7604425453076895,-1.4468966933594003,1
1.9820681948635976,2.6423583055789175,0.2500492489510009,1
0.8728280946007214,-1.3174278633978038,-0.36069371467301437,0
1.1840391450305634,-0.038344830381275896,0.17157240853599598,1
-0.5284765204320654,-0.4411512462993936,0.22077857752640329,0
0.4112942146512446,0.27556716740549925,-0.044481360212346055,1
0.19430153739803102,-0.4669407871013894,-0.743048243297195,0
-0.5916224795536726,-0.37701829049688984,-0.607926421082927,0
-1.109060494806397,-0.9072576911459214,-1.390502095464881,0
-0.029446637158646816,-0.46225508033752094,-0.4051852726910389,0
-0.02340548283761379,-0.6510570898562082,-0.16025201506525388,0
0.846286868768102,-0.8299318744320965,-1.0166152838634006,0
1.7167469570278047,0.4975401922697582,1.0465685976548311,1
2.079748702190376,-1.3404413730366236,-1.9414436546226477,0
0.5131623723377843,-0.16697148611474266,0.08030997423999997,0
0.7651692687042195,-1.463031237020278,0.06644612933630345,0
0.6684459549693673,0.17441483032764526,0.23527606349303465,1
1.5567467446475458,1.1850320616707806,0.7681683856837371,1
-2.5499913558122738,1.9310035123702152,-0.0048901763869282355,1
0.606294921781183,1.5476444325109089,-0.05967030982999233,1
-0.8836056118970674,3.317946509520454,1.0836426589040467,1
-1.5235387527546034,-1.535024088211678,-1.353420434776961,1
-0.501951916129663,-0.5653641714027055,-0.3177955365625321,0
-0.10394788735536964,-0.27404965990175045,-0.6813861039722258,0
1.5602221338138897,-0.5195963448072112,0.14314297964994005,1
1.9064841686885794,-1.7998314306629748,-0.9655118629004646,0
-1.3443590130267102,-0.38903056871823605,-0.588830672496822,0
-1.534801829538651,-1.3278178909304876,-1.4751457534003476,0
-1.4606984074718883,-0.8487577411089706,-0.8226514823008548,0
1.6688957988734074,-1.2524833882055195,-1.497906606650295,0
-1.9792198226027886,0.5524745874252028,0.6389817658104859,0
-0.5162063189830934,-1.208898427365305,-0.8137284977333261,0
1.385009389203051,-1.4763625475479232,-0.7851136742622464,0
2.952717604633414,-1.1997865294967665,0.15562768702901064,1
-0.09556877923248264,-0.4016306208203205,-0.3833567670340372,0
0.42537230564741846,1.1175970025303832,-2.139653224157092,1
3.531827006207995,-1.3907312101088296,1.1297964012130488,1
0.5184491837843681,-0.2840357833384406,0.9047194078265577,0
0.603325563524981,2.4575078654746285,2.902107980297174,1
3.085405365485267,1.6820002228185524,-1.7297750800136191,1
1.0889619377016593,1.6248522319616039,1.8594309729476313,1
1.5947379270586313,-0.11765908953246629,0.12766342330960778,1
2.024567079491666,0.48382198062310733,1.0834200756297911,1
0.7790195687207455,0.1771192618469658,-0.9013139467720716,1
0.9858544056312317,1.6805551437465809,0.5798258664449536,1
1.3194713904502358,2.8219132652825096,-0.31438829554628256,1
0.531106918836691,0.39911330602152284,0.35682242619281523,1
1.9718848900530643,-1.4223001347083675,-1.6909972429283489,0
1.9583432331422286,2.4553136640547946,-1.6525264848994339,1
-2.017624469256609,-1.1988284323683873,-1.0904840555261086,0
1.9471292026707387,0.5796821693395531,-0.22747577788668438,1
-2.1597101541513855,-0.0073909629893066375,-2.4383907225141885,0
-2.0993173496666904,0.8580688891025168,-0.6399031515627047,0
-0.06370167373894486,1.8107677077715991,1.0605892955907408,1
1.111600983602082,2.1993708798223284,2.682975043074786,1
-0.2982253938129058,-0.5352309330384342,0.11634455990634818,0
0.36124617182438334,2.5118713212335373,-1.0116732598912832,1
0.9107612137316121,-1.0672347118879197,-0.7203829584768213,0
-1.6702444756555324,-1.3376305928171808,-1.9864640883877827,0
1.0535133627072617,-0.43116172312041234,-0.6528661325488396,1
0.12632893204491036,-1.283625157028399,-0.3955673943418926,0
1.9566141607115382,0.5124465526452477,-1.902995217888967,1
2.703890300754293,-2.0194678817274507,-1.6930288749383537,0
2.0271551910321572,-0.23984824060005616,-0.40594131386895693,1
1.400774876593726,-1.3343898141306623,-1.0120101592688495,0
-1.6454736217453185,-0.9456291826400962,-1.3400037531010214,0
1.590482071138967,-0.06128463919949234,0.779311055979844,1
0.9104779652622034,0.8872171676902332,0.7393540019866547,1
-0.3766164608593392,-0.015821662068731923,-0.10494698243942724,0
-0.008314284496223179,0.9559451369471597,-2.7066072258059677,1
1.6210341621576063,-0.2919084116347255,-1.3807702120770795,1
0.5431573432476158,2.197467568776225,2.5157319451622024,1
0.8556948516893865,0.6787096483877568,0.8247010835672168,1
1.2934442001456694,-0.895795670011358,0.9813103452655598,0
1.0737518020716887,1.4180116689795113,1.1533654694732514,1
1.2079346584462771,2.420341321887528,3.2923727832868823,1
0.8924147592232672,-0.939440809937887,-0.9344314263270612,0
-0.3659435331768507,-1.5904382460048474,-0.1034672149951833,0
-2.652002817734899,-1.3547832311275796,-3.2338923191166313,0
1.0938811718096966,1.9056455018896563,1.7498856214593106,1
1.3030441022357486,-1.1166009908304417,0.8006161417671458,0
2.807643679216997,-2.172151427696247,-1.0870854442220605,1
0.2548609130781184,-0.6170166339527673,-0.5834087882866483,0
0.18673573954803924,-0.27927529024926234,-1.0010709757486,0
0.6120362264443293,-0.5757481011613266,0.7118934300764379,0
0.6161588845984833,2.436349465598526,1.5820217413454138,1
1.1055959428556699,-1.2433216392999853,-0.7462552792487656,0
-1.611911623970194,-1.1215354510649531,-0.9885542371857906,0
1.395394932299237,-2.099567636170109,0.8005382368338598,1
1.9290372337078392,-1.6371730486304945,-1.3064673587138156,0
-1.0759706831876878,-1.5298951184688656,-1.541752353800832,0
-1.3040774863193159,-1.5821755197385126,-1.5120173415959575,0
1.8284795633053443,-1.6412968001908999,-1.1066008267527474,0
2.9155167185155,-2.037794948125957,-2.009240807095032,0
1.5651560642613207,-1.6943026872069575,-0.832758343521699,1
2.5733379572095334,-1.6135573211619985,-2.148325313129993,0
-0.3673288139312534,-0.2631595074163622,0.26360203891828116,1
0.6939512454913425,1.1409717723390898,-0.6313736302170683,1
1.4463100569780667,2.3282710022384814,3.1762907430697145,1
-1.7665169971847523,-2.6232015869643073,-1.847879898061078,0
1.318563521085411,0.3622091137337943,0.9540047006251113,1
-1.943985989560336,-1.3028182624982687,-2.066834789092857,0
-0.6178478709253097,-1.1893254027473668,-0.3825399876793656,0
-0.016245416774562704,0.5844022732531189,0.14046181850954476,1
-1.5096829218922974,-0.0889695096769354,-0.7097650412319345,0
1.1863079628698636,2.6695052577496594,2.773166422896703,1
0.27929300186410866,-0.9301003360052855,-0.07414080537788692,0
-0.5504352862180251,2.55948022961893,0.8946717215403236,1
2.711668468603186,-0.9176542589402175,0.9593099023309107,1
1.8584730936747773,-0.45172549193083733,1.042221249199283,1
2.3153979663642614,1.898483325621374,-1.026641039843111,1
0.11347656252922877,0.15173581127745284,-1.280147857764536,1
0.705557477283548,-0.8586544570533914,-0.8203485807463174,0
1.935634799315843,-0.7791839253291968,-0.2965487065045782,1
1.9151422556093434,2.62871862922765,0.6760328094174388,1
-1.4935056613127689,-0.45652317510032114,-1.6254684569561269,0
-0.42149259969354413,-0.269340234497362,-0.1936927009142273,0
-0.5354941956206516,-0.7632725086101494,-0.73443241766219,0
2.001323983325249,-0.3102424378149533,0.43554914282173884,1
0.12550368051882854,0.7699875189917768,-0.3145062490515398,1
1.5304574062711023,1.7655513578365298,2.5366354192697145,1
-0.8094710568465591,-2.0025745894447975,-0.22376163747924027,0
0.33496949558429767,1.160712746898612,-0.27692786060936314,1
-0.8786776540818295,-2.3898628018524786,-1.3410993148920218,0
-0.9747763565676912,-1.1613793653479108,-1.007017585830101,1
-3.0091656985521182,-1.5532584655123334,-3.3774522470036055,0
0.9644797883322089,-0.8474142436545319,-1.1941938928082108,0
3.2882140215318123,3.559372626492866,-2.4278843679904973,1
2.2326321722455638,-0.12003029041740088,1.3847546285112715,1
0.40881153754465727,0.5495027957839718,0.20902979762039475,1
1.5964303004775997,0.4631799721151658,0.6320964756736875,1
0.8311999322861727,-0.9956750112952151,-0.7910001249899686,0
0.7069957556968056,0.254462775646738,-0.30265138860946383,1
-1.784223307404718,-1.2113678591254453,-2.436260388453925,0
2.5793170256281432,1.5453247037947166,-2.4729784953724523,1
0.5342517152946111,1.1972442031197825,0.8991072323717475,1
0.14987347828120545,-0.4537505284997586,-0.6233887167779306,0
-0.6049067611781389,-0.48375182486723367,-0.3720753337468812,0
-0.10187456425056673,2.493409619666023,2.0611208646263144,1
1.606228843684429,-0.20254505252770882,-2.447451773978826,1
1.674885937652737,-1.3476998354458225,-1.391368667780672,0
1.6974879623907384,-1.329634436908076,-1.5092262148899795,0
1.063586634279655,-0.7736012777266612,-0.9086747596509184,1
0.3771045654162364,-1.5566246166181252,-0.21707690482251485,0
1.0289719951792098,0.073587758361079,-1.040745817223999,1
-0.12435038940686871,-0.431341636730872,-0.3246896616618796,0
1.9122272240175686,-0.8044003410290432,0.32519650538787037,1
0.7822026681509504,-0.7857249714457695,-1.0230942301701647,0
0.7715553377195106,1.609087546453778,1.645534239222449,1
1.2357942923634453,-1.1940377415393117,-1.0459683618095157,0
-0.7182840428944581,1.5750972671477745,-1.359194161171619,1
-2.034955964375809,-0.6434129022946258,-2.09457892719308,0
1.709905458282151,0.8967176676421902,1.7193122439785287,1
2.1691827934793997,-1.8481181061619076,-1.2806672450159748,0
2.628344818711054,-1.567102411101013,-0.3679626804709635,1
-1.278661024997847,-1.550848446965786,-0.7021379871001929,0
-0.5725962558659532,2.1174971516088856,0.3130754157674074,1
0.5880337540840914,2.289736538969642,0.4395870044321901,1
0.5833959262978088,-1.3036123221714568,0.04644790935368892,0
-0.03894660734337052,-0.3825466467597465,0.468533059891705,0
2.066115284776407,-1.4476068441378875,-1.7806798642129094,0
0.9868462962025196,-0.6568239972047154,-1.5380408453376546,0
0.6861521798823429,2.000479660809856,1.1282838686736323,1
1.7889464101301416,-0.7162514154598929,0.007198360328606657,1
0.8979659923310375,1.663192004906006,1.939285055027725,1
2.996944058045502,-1.7688957949888002,-2.525312586731455,0
-2.0995433458045545,0.0498649185315132,-0.885081408484113,0
0.05351579900130998,0.6194480717978882,-0.05349980710546931,1
1.063898128596584,-1.0687494291080257,-1.0231560367310895,0
-0.5683335465005669,-2.402464841420591,-1.4749189551159698,0
2.171263794598619,-1.426231432244367,-0.159656402976724,1
-2.2268438448944625,4.598515378881905,1.3614916549403115,1
0.41811644669901304,2.604504261526155,1.946625501115954,1
1.7573604055070668,-1.2793903408954954,-1.6518047691420272,0
-0.1386445941936305,-1.974426057732055,-0.6259627034428992,0
-0.9694551743784655,-1.2837814412693296,-1.0037992596707686,0
1.6347050442475823,-0.19210657318823365,1.0377466775683777,1
0.2595801894840155,-1.5238741686320088,-0.43524637635712915,0
-0.7614262823359554,0.7377525788566426,0.19648603139606968,1
-1.5857828554170874,1.2609347793214907,0.33055918867023926,1
1.4376072910352926,0.8433683148191952,-0.8732473457945408,1
1.1575357479472475,-0.5489399579848668,0.29256861902350695,1
-2.5247301098615527,-0.48244077583437883,-2.7781196724991273,0
-1.0744682779267865,-2.541680135970398,-1.9442333713508766,0
-0.15603275248694004,-0.624911417600373,0.021005912607935606,0
-0.6951753041684805,-0.5486507737348963,-0.3086741217136537,0
-0.03892815490500201,-0.17180453799470818,-1.0360960905734624,1
-0.0036380281969017325,-0.7805716541332326,0.05854364624313502,0
-1.3683875573237945,-1.3392077474285051,-1.8669753189818832,0
2.0191956858334805,1.6377434046411032,-1.7951162587124925,1
1.780046328063225,-1.6436187771564215,-1.1007619007411742,0
